Model,Window,MAE,RMSE,MAPE
SeasonalNaive,0,8766.625,9022.563752430164,21.630987885271903
SeasonalNaive,1,2921.1666666666665,3849.499799757539,7.099176129873371
SeasonalNaive,2,5476.020833333333,5622.806237028506,12.439962644542078
SeasonalNaive,3,2556.1666666666665,3366.8814886083137,6.158808521199766
SeasonalNaive,4,5959.416666666667,6028.992885079011,16.95157393021313
SeasonalNaive,5,12158.270833333334,12691.84810633056,40.59069511108675
SeasonalNaive,6,9244.770833333334,10335.203734284423,30.553174136245808
SeasonalNaive,7,969.7708333333334,1231.9857361863678,2.5705574079659526
SeasonalNaive,8,4957.395833333333,5462.682676197963,12.849695639995574
SeasonalNaive,9,5420.1875,5924.044035046217,16.30354994133437
SeasonalNaive,10,8490.416666666666,8597.734699229404,29.06266658793621
SeasonalNaive,11,5887.125,5983.793407335072,19.356045358610732
SeasonalNaive,12,2582.4375,3230.3899242196753,7.746114366141869
SeasonalNaive,13,1263.6041666666667,1836.1852382498523,4.851954029416979
SeasonalNaive,14,3352.75,4077.668088707891,9.516659579898302
SeasonalNaive,15,3123.8958333333335,4207.235813155711,8.624380495258437
SeasonalNaive,16,4871.520833333333,5056.149360349897,13.810665067106513
SeasonalNaive,17,4105.041666666667,4470.507013564941,12.495022430537672
SeasonalNaive,18,2563.3333333333335,2838.9914876002476,7.338087992470809
SeasonalNaive,19,2678.9166666666665,3249.7884738856465,7.555076712879321
SeasonalNaive,20,4947.270833333333,5122.816195300524,17.15317624164705
SeasonalNaive,21,3402.6875,3602.990207799627,11.317522072640735
SeasonalNaive,22,5202.291666666667,5521.643592113976,17.320521358112384
SeasonalNaive,23,4319.833333333333,5495.461532786244,15.672473718773542
SeasonalNaive,24,2010.3333333333333,2328.3644653132233,6.919573359302646
SeasonalNaive,25,4209.041666666667,4479.515259303548,15.416476278212892
SeasonalNaive,26,2344.4791666666665,2544.934253407476,8.11117089402998
SeasonalNaive,27,2425.9375,2776.0204917891606,9.082476284046283
SeasonalNaive,28,1760.2916666666667,2106.766766477327,6.19889437592217
SeasonalNaive,29,1603.875,1915.282355163332,5.679908705828505
SeasonalNaive,30,1113.4375,1277.0479222931822,3.9213716463944315
SeasonalNaive,31,1862.4583333333333,2190.784657757733,6.3820124106648555
SeasonalNaive,32,2622.2083333333335,3042.864494737374,8.0623494848446
SeasonalNaive,33,2721.125,3056.968630577248,8.65767378219735
SeasonalNaive,34,1430.5625,1600.3517777351328,4.909725647653343
SeasonalNaive,35,1370.7916666666667,1677.0574677094403,4.074736606764951
SeasonalNaive,36,1575.75,1820.295488833246,4.777461743758652
SeasonalNaive,37,676.3541666666666,883.0580034742904,2.2011455927964736
SeasonalNaive,38,1372.875,2015.3075447682918,4.585641550421987
SeasonalNaive,39,1656.5416666666667,1982.2849084663217,4.892349750949627
SeasonalNaive,40,993.3333333333334,1165.7086721532671,3.1801301273037597
SeasonalNaive,41,1542.5833333333333,1700.2792172659956,5.499551600342107
SeasonalNaive,42,1597.2083333333333,2177.370662060091,5.06685633666924
SeasonalNaive,43,3856.7291666666665,3989.291418389152,13.402441462498324
SeasonalNaive,44,3793.6041666666665,4139.580561985316,14.99575103336146
SeasonalNaive,45,3474.9375,3882.7567553007148,13.947960715128929
SeasonalNaive,46,1423.5208333333333,1585.6510821005568,4.890788700391141
SeasonalNaive,47,2621.6875,3069.826491432374,8.817418621278202
SeasonalNaive,48,2642.1458333333335,2962.6951166407025,9.529568276907208
SeasonalNaive,49,1739.8125,2186.14293620065,5.895068281718396
SeasonalNaive,50,1865.7708333333333,2074.930957686705,6.577926745819291
SeasonalNaive,51,2408.5416666666665,2971.1049852425836,9.79284970057625
SeasonalNaive,52,2423.9375,2965.46853029444,9.9537535280821
SeasonalNaive,53,1018.2083333333334,1223.8398247592152,3.4491912658246715
SeasonalNaive,54,2168.0833333333335,2608.322081977863,7.484694017368902
SeasonalNaive,55,2704.1666666666665,3018.823004638287,10.98136005548692
SeasonalNaive,56,2978.5833333333335,3062.010362218478,11.294698623891607
SeasonalNaive,57,2715.375,3099.3157309315875,10.600699164942414
SeasonalNaive,58,2204.4791666666665,2840.9867013944295,9.380318315976888
SeasonalNaive,59,995.2916666666666,1143.278582265349,4.175918356392077
SeasonalNaive,60,1303.0208333333333,2046.771018987387,4.3125043609456295
SeasonalNaive,61,6595.458333333333,7673.327980196511,18.877218855601676
SeasonalNaive,62,1520.6666666666667,2041.5474523018072,5.824664221567603
SeasonalNaive,63,1470.5625,1683.2712509178866,5.566856108708388
SeasonalNaive,64,2765.75,3922.887796848983,9.357877899932165
SeasonalNaive,65,3410.7083333333335,4070.6431924205785,12.54612210632781
SeasonalNaive,66,566.6041666666666,702.5284840014199,2.0939561042692967
SeasonalNaive,67,3133.1875,4157.781903150605,9.603373794707089
SeasonalNaive,68,1011.4375,1287.3308060349782,3.6004022742879256
SeasonalNaive,69,2133.7708333333335,3167.244237898303,7.302125408920719
SeasonalNaive,70,2803.8541666666665,3748.4609036020815,9.227376247350156
SeasonalNaive,71,2165.0416666666665,2842.734760167868,6.674209653645315
SeasonalNaive,72,6690.625,8150.183814389301,18.71916118631319
SeasonalNaive,73,3965.4375,4370.899328227544,14.639576796471076
SeasonalNaive,74,3737.6041666666665,4900.697218678855,10.523763157208384
SeasonalNaive,75,2039.2291666666667,2244.071926766163,6.240475105923223
SeasonalNaive,76,2163.2291666666665,2520.567946085432,7.758575036587636
SeasonalNaive,77,3315.9583333333335,4346.31634260554,11.12987382297046
SeasonalNaive,78,3887.5625,4095.568313738644,13.856541432493938
SeasonalNaive,79,3334.6666666666665,3441.5776300024577,10.908675678049129
SeasonalNaive,80,1234.6875,1427.5619440734145,4.466066693738604
SeasonalNaive,81,2034.2291666666667,3079.216949296255,6.094120491795887
SeasonalNaive,82,2913.4166666666665,3429.748946108641,8.996204184707118
SeasonalNaive,83,3771.625,5686.719686398009,10.609358801528883
SeasonalNaive,84,12909.416666666666,13750.509979936502,30.937420480241922
SeasonalNaive,85,3352.1458333333335,3701.6541825918853,9.444860814193587
SeasonalNaive,86,2334.7291666666665,2802.364488992584,7.780334367083026
SeasonalNaive,87,3999.7291666666665,5925.854036550343,11.164723018861892
SeasonalNaive,88,6562.5,7132.227772582702,21.06803574525947
SeasonalNaive,89,4979.9375,6865.149016651666,11.797803968566113
SeasonalNaive,90,9756.395833333334,10575.078852148888,23.875158354814037
SeasonalNaive,91,12595.8125,13116.315357694783,27.433327543144088
SeasonalNaive,92,6916.541666666667,7376.322872881853,16.913921685385557
SeasonalNaive,93,6878.583333333333,8260.038819016934,21.31989064501851
SeasonalNaive,94,11388.0,11741.83471076816,36.74306216516601
SeasonalNaive,95,3823.6458333333335,5264.026692640657,11.125068772776588
SeasonalNaive,96,4799.0,5395.269146823601,13.85950986623222
SeasonalNaive,97,5801.729166666667,6464.079038231201,16.246173091103863
SeasonalNaive,98,6681.583333333333,6969.969556963646,16.340057003577556
SeasonalNaive,99,2721.5208333333335,2903.4608264678436,7.805980138872144
SeasonalNaive,100,3386.1875,5452.133364946851,10.694910402411917
SeasonalNaive,101,3826.0625,4680.900480943811,10.833348201703336
SeasonalNaive,102,2192.1041666666665,2787.866780802124,5.975579499139075
SeasonalNaive,103,3450.2083333333335,3701.828776654407,8.949787910871633
SeasonalNaive,104,3160.75,4722.738034410407,8.55559471643468
SeasonalNaive,105,4221.375,4479.22023068748,12.78814099101636
SeasonalNaive,106,2718.3333333333335,3267.8283946172364,6.726300882848793
AutoETS,0,2269.3774604210116,2609.205457823387,5.516710241258926
AutoETS,1,3027.0,3628.807780402148,7.710889908192266
AutoETS,2,2574.3686826810554,3124.1099287406914,5.713272861236533
AutoETS,3,3203.643758875358,3837.1127354773607,8.081565299696146
AutoETS,4,2355.6988557695495,2716.695676534595,6.882755678411851
AutoETS,5,2835.108656340171,3694.8546137822505,10.149293683312814
AutoETS,6,7212.601191772675,7912.028603106433,20.63356156775898
AutoETS,7,2514.4646170416804,2985.714486530298,6.865741595022524
AutoETS,8,4669.108471142295,5205.6847109558785,12.006871430480219
AutoETS,9,4043.229471970839,4641.144790474786,12.880048358395499
AutoETS,10,2065.2551627941816,2528.267420369424,7.256963042883157
AutoETS,11,3658.3491185871258,4137.39957952641,11.61012807100481
AutoETS,12,2503.996899841056,3124.6801216728736,7.07474775181365
AutoETS,13,4196.001143783954,4936.853568234712,15.710731062891359
AutoETS,14,5871.297709666232,6866.478155093491,16.639403617733926
AutoETS,15,2870.0163242119547,3491.1557879194493,8.48712358845823
AutoETS,16,5096.994522417223,5627.680828466331,13.986296423799507
AutoETS,17,2522.3258925808773,3170.4103447861658,7.816040939861292
AutoETS,18,2472.630114266582,2791.586741061009,7.060464343352037
AutoETS,19,2842.7635702286025,3400.2174057982343,7.808042809924287
AutoETS,20,3443.361736797957,4175.046643526524,12.576664061632393
AutoETS,21,5400.708727448132,5932.382483495734,16.584541651368724
AutoETS,22,2575.117114129625,3267.682382834517,9.09933006347388
AutoETS,23,3168.982425892889,3623.494446986197,10.706298191172117
AutoETS,24,2399.713935243446,2672.400151914014,8.202477741086193
AutoETS,25,2201.025524510643,3029.7133198504316,8.620440860611179
AutoETS,26,4500.656774557822,4961.997297322848,14.743851056951032
AutoETS,27,2416.1983008400125,2633.011143276544,8.789414582850414
AutoETS,28,3187.4676469567025,3665.1549204626854,10.496765233330445
AutoETS,29,2197.9130359711903,2661.489565258453,7.979236186757848
AutoETS,30,2908.461329092295,3545.0369528774845,9.448099775523922
AutoETS,31,2601.1458333333335,3015.8824053095027,8.615735548668523
AutoETS,32,2436.195731099908,2729.547284018434,7.6578397849946755
AutoETS,33,2656.0971564679644,2964.655184216035,8.129325245499103
AutoETS,34,2978.2762594238943,3411.862625515527,10.579959809492232
AutoETS,35,3908.2540296937023,4364.852141027842,11.559571662476426
AutoETS,36,2087.628749069177,2487.6612118826824,6.410780942884764
AutoETS,37,1876.516903164517,2221.562480372889,6.137567744867117
AutoETS,38,2060.6846850694087,2504.346610620514,7.258085855621816
AutoETS,39,4578.447111501881,5045.3506099933575,13.227836053221539
AutoETS,40,2209.4649384934564,2630.51295379764,7.310839094402306
AutoETS,41,2292.769422358859,2733.928535646531,8.395244379277418
AutoETS,42,2457.928897383646,2906.384350488769,7.7008760211997265
AutoETS,43,2230.797537136769,2899.5549236886422,8.260259900839143
AutoETS,44,1876.7526930554006,2303.699532115196,7.727143078653799
AutoETS,45,3291.5461843830813,3750.3627352180597,12.187087803809261
AutoETS,46,2442.155564631734,2843.354098434447,8.509891295533839
AutoETS,47,1987.8215681948022,2318.684553332379,6.805852266574034
AutoETS,48,1761.973298358377,2186.195929229742,6.600878032861347
AutoETS,49,2268.262030683789,2656.9525770884693,7.491895558937943
AutoETS,50,1902.0858364795968,2430.7953959083256,6.937601339898731
AutoETS,51,2402.740986981285,2941.6651315216895,10.115529753008861
AutoETS,52,3390.093971368861,3830.572106460621,12.73287672574078
AutoETS,53,2431.60272649383,2796.3457497106874,8.20075850282582
AutoETS,54,2436.469730067091,2838.3878345808384,8.441005389634192
AutoETS,55,3289.1145723153554,3629.6387134557253,13.756428428296699
AutoETS,56,2781.2429133214296,2939.3702576213905,10.61340868230189
AutoETS,57,2354.916857445128,2728.8922407319365,9.328457217230442
AutoETS,58,2359.563352963028,2744.823672604137,9.91207650980247
AutoETS,59,2609.702891390019,3075.8863675337634,10.248681415503535
AutoETS,60,3476.747979433711,4074.5704142164564,12.616203078712882
AutoETS,61,5416.998337916012,6145.929052763665,16.5021072941588
AutoETS,62,8315.628049603356,8672.809974195181,34.68724500072296
AutoETS,63,3777.8637878377717,4076.3797717170155,13.995949016189888
AutoETS,64,3431.0998960301076,3827.6300626722286,12.964179090394252
AutoETS,65,3054.0019352499676,3779.5946555745936,12.579188524365511
AutoETS,66,3113.4128775500685,3707.738279168747,12.732742469882732
AutoETS,67,4581.3827293287895,5558.437500726449,14.73573538158369
AutoETS,68,2772.046463701698,3172.0029732360326,10.621172920078347
AutoETS,69,3237.957115600453,3944.4125159823016,12.575711796603231
AutoETS,70,3265.3332659258353,4046.3207957709146,12.247443632057694
AutoETS,71,4838.443263860096,5377.455610191611,15.918132083167313
AutoETS,72,5901.704559599822,6552.740557944371,18.28686315035112
AutoETS,73,7436.394877957336,8115.419646869715,29.310405276319717
AutoETS,74,6746.243635561547,7860.218189515957,19.388368195478026
AutoETS,75,5321.454979521127,6176.580012507139,15.991131225898492
AutoETS,76,7378.63452924029,8350.771253543906,27.591686188166737
AutoETS,77,4412.6557056709335,4872.4753052042515,15.531098475613344
AutoETS,78,3343.011706331206,3884.9865371755463,12.686890587139363
AutoETS,79,4926.000898377407,5448.183079269521,16.272148919452135
AutoETS,80,3871.474372637231,4880.167434755772,15.762491433578854
AutoETS,81,5023.476069345794,5824.5555591996945,16.50931414982497
AutoETS,82,4372.202438999194,5447.745670935933,15.455624944232401
AutoETS,83,5993.177595439942,6802.801857527804,19.86018868174535
AutoETS,84,7429.231063886771,8579.943597815933,17.973542448706034
AutoETS,85,4961.238318126843,5846.142226838024,15.400869124226894
AutoETS,86,5925.678444714668,6875.290628594452,21.8992475842262
AutoETS,87,6066.338624739983,6847.2573606069445,18.099289108636572
AutoETS,88,4210.599832300705,4941.981358577156,14.547168075055685
AutoETS,89,8039.234985891223,9318.490486886678,19.992819185420927
AutoETS,90,7775.910465153968,8515.035781647199,21.102415102526226
AutoETS,91,7709.583673113524,8571.670755403613,17.513448089455387
AutoETS,92,6392.10890982183,7308.043556212459,16.92821348192337
AutoETS,93,9448.483680793028,11288.997234201157,32.3334473953023
AutoETS,94,6532.58185321773,7801.301629228496,20.199173276053177
AutoETS,95,7506.933203665278,8490.0405573919,19.150840793717013
AutoETS,96,5720.299009682643,6656.775780328718,17.46880057322886
AutoETS,97,5583.357742926845,6370.46724758897,17.503866564229874
AutoETS,98,7546.114055920985,8826.928445500675,17.562629213731114
AutoETS,99,5565.650467666746,6457.991494740601,17.31487974987019
AutoETS,100,5569.32954527883,6189.369490304209,18.51475157046073
AutoETS,101,7083.38562294588,8571.587081392332,19.095744601864357
AutoETS,102,4491.362481645748,5085.848378808304,12.434202432695288
AutoETS,103,6563.194476247761,7559.147763460422,16.81698377378138
AutoETS,104,5422.543002761934,6206.49278674115,17.881275624588923
AutoETS,105,4797.464573388597,5390.679386384488,15.093930208316156
AutoETS,106,6746.130746126564,7619.719348340777,16.70562379971935
XGBoost,0,3552.600301106771,4543.125164399341,8.475028276556756
XGBoost,1,2275.703857421875,3308.6998877549627,5.327349344603846
XGBoost,2,3855.4086100260415,4541.243034514428,8.780524375800224
XGBoost,3,1865.4745279947917,2491.352462955052,4.445125505700539
XGBoost,4,1352.910400390625,1648.0755136684857,3.8528078980099667
XGBoost,5,2480.032470703125,2876.779196259225,8.489980214480985
XGBoost,6,3783.865681966146,4805.061764886654,10.615599232360173
XGBoost,7,2013.222412109375,2389.0713963565054,5.2313710065216545
XGBoost,8,3831.447794596354,4443.673035886512,9.762054414894497
XGBoost,9,3442.26904296875,4067.362659928285,10.91131624074708
XGBoost,10,1289.7328287760417,1635.4112163434738,4.5585771053580215
XGBoost,11,1052.6259765625,1533.2055875822534,3.1407052474203194
XGBoost,12,1800.8758138020833,2433.4007606548453,5.197423574225875
XGBoost,13,3497.2117919921875,4148.832374373372,12.895466371776317
XGBoost,14,4347.987467447917,4804.451718141543,12.660218324659613
XGBoost,15,2103.557169596354,2231.2650925036805,6.055564323868348
XGBoost,16,3744.911336263021,4409.972293614168,10.15600886463444
XGBoost,17,2191.381062825521,2574.0704983475866,6.755433933895559
XGBoost,18,1268.9192301432292,1869.23316127121,3.4365855946231116
XGBoost,19,1933.4678955078125,2254.0047946459254,5.424931154865095
XGBoost,20,3444.5225830078125,3964.663809891122,12.19975028827767
XGBoost,21,3011.905558268229,3523.3748156776473,9.259657883437955
XGBoost,22,2153.636962890625,2459.4117990974214,7.320839277879849
XGBoost,23,1115.868408203125,1306.087268467496,3.818168584132563
XGBoost,24,1802.060302734375,2313.0078548610554,6.136552054069816
XGBoost,25,2182.13330078125,2376.143001885614,8.008657291331403
XGBoost,26,2047.4556070963542,2432.7140992845993,6.691292626247238
XGBoost,27,2797.393595377604,3065.0692254437727,10.150595529966576
XGBoost,28,1654.0240885416667,2067.9926636203795,5.511008490235048
XGBoost,29,1022.641845703125,1333.8571758272765,3.706189733137935
XGBoost,30,1608.4626057942708,1910.3037145946048,5.250849334416116
XGBoost,31,1290.0380452473958,1500.8190506333442,4.283854289278289
XGBoost,32,1154.4071451822917,1782.7900920816865,3.431896360535517
XGBoost,33,1430.5054524739583,1687.6826488081535,4.41947720767285
XGBoost,34,2397.6932373046875,2804.7541184077763,8.335094689513282
XGBoost,35,4002.9366048177085,4508.974356559158,11.853904089181862
XGBoost,36,985.3871256510416,1264.9097436942939,2.9144223707377597
XGBoost,37,1054.044677734375,1215.7646849730029,3.367377611996953
XGBoost,38,1109.76318359375,1375.4643554623653,3.839218499806988
XGBoost,39,4018.898478190104,4625.029538110719,11.462840389773156
XGBoost,40,1927.5520426432292,2413.95043550245,6.104234440651646
XGBoost,41,1245.41845703125,1584.5276586983607,4.437248153435907
XGBoost,42,1499.6005859375,2025.2929742910665,4.574384342048914
XGBoost,43,1565.1901041666667,1885.525628622152,5.58801504913156
XGBoost,44,1908.7121175130208,2367.5511269447497,7.493349348980212
XGBoost,45,2364.9480794270835,2693.9167347494695,8.831846977624892
XGBoost,46,784.57861328125,1071.8825616705137,2.594984468534774
XGBoost,47,1068.88916015625,1392.6463433637105,3.6437268078416754
XGBoost,48,1384.5957845052083,1814.2807877737757,5.132262134785397
XGBoost,49,1491.7170003255208,1906.7331488417033,4.808070402361225
XGBoost,50,1103.6466878255208,1380.952876323117,3.8892797856060457
XGBoost,51,2170.6708984375,3002.8820811270234,9.068711934907176
XGBoost,52,1268.1012776692708,1546.3633102181698,4.881716876807435
XGBoost,53,1075.6096598307292,1311.2574815199403,3.580494072179559
XGBoost,54,1290.662353515625,1545.8730931316422,4.440166539987872
XGBoost,55,3750.0169270833335,4199.546145666123,15.405704924603716
XGBoost,56,889.5056559244791,1082.7292313037915,3.391961973023457
XGBoost,57,682.4654134114584,854.5538715401328,2.52495661520528
XGBoost,58,1922.6121419270833,2451.90627989963,7.64371079315165
XGBoost,59,1423.55908203125,1727.704907991565,5.724976849382021
XGBoost,60,1585.0374348958333,2478.3898664269655,5.183662617821069
XGBoost,61,2138.6255696614585,2568.7976762521116,6.263240911867346
XGBoost,62,7236.857177734375,7959.466690579618,28.882786847145532
XGBoost,63,817.3447672526041,1033.17862801122,2.9483806939087405
XGBoost,64,475.3764241536458,589.8940551755487,1.7424304482541664
XGBoost,65,2345.9117838541665,2966.310140960968,8.694162920007058
XGBoost,66,1915.8505859375,2416.427069776013,7.747289578320673
XGBoost,67,1893.0013834635417,2836.4190690363494,5.568692689162496
XGBoost,68,941.4715576171875,1296.502288420692,3.437125605995603
XGBoost,69,1804.2071940104167,2386.8536396651716,6.56654328040107
XGBoost,70,3105.218790690104,3638.0505402983185,10.451376708933406
XGBoost,71,2071.3060302734375,2655.1328889181614,6.212497776037096
XGBoost,72,1203.2565511067708,1412.52272674397,3.864608219589457
XGBoost,73,6841.487955729167,7797.020342382567,25.15246159315773
XGBoost,74,4851.37451171875,5819.623723475621,13.6691698985161
XGBoost,75,1820.5664469401042,2405.869165310345,5.14530753960013
XGBoost,76,6439.4026285807295,8110.062264425691,23.140012174860747
XGBoost,77,2421.322265625,2942.3889675039527,8.392077358687862
XGBoost,78,1157.8583577473958,1462.947012348203,4.055704105004177
XGBoost,79,1724.2117106119792,2133.452077339022,5.205172405833769
XGBoost,80,4001.9700927734375,4733.134782965466,14.346128676825954
XGBoost,81,2827.214640299479,3804.460420257511,8.560447284086493
XGBoost,82,1863.5562744140625,2258.5080116226254,5.998282443187885
XGBoost,83,2212.182861328125,2856.404241268148,7.035048528100562
XGBoost,84,4995.718017578125,5724.598001752801,11.886183218780753
XGBoost,85,1642.6081949869792,1822.499881491703,4.733352529770589
XGBoost,86,4602.0574137369795,5539.379501691733,15.596309064957865
XGBoost,87,4366.4997151692705,5368.577872980198,12.09198099238382
XGBoost,88,941.7222493489584,1315.106219132658,2.954653896227975
XGBoost,89,6361.3596598307295,7561.772166867647,15.286866610376821
XGBoost,90,3716.774943033854,4772.0523889683645,8.81150287264897
XGBoost,91,4525.686197916667,4994.330469770584,9.770956440676638
XGBoost,92,2308.6026611328125,2823.7012337984656,5.442132494611078
XGBoost,93,7408.5885823567705,8918.033743438053,23.50655931038719
XGBoost,94,3027.0936279296875,4336.437699796737,8.292990704377655
XGBoost,95,1544.0546875,1916.405280584066,3.912035851791757
XGBoost,96,846.0519612630209,1062.3664035319528,2.362785095818568
XGBoost,97,2067.7196044921875,2726.701941407737,6.168122801724028
XGBoost,98,7469.9180908203125,8849.269684716699,16.90357569720694
XGBoost,99,1590.6345621744792,1925.080674398862,4.612026643110855
XGBoost,100,3284.0455322265625,4974.471150641908,10.415186808915548
XGBoost,101,5384.0338134765625,6543.9429948241495,14.223782739869653
XGBoost,102,647.671142578125,810.6277397488874,1.6735079551788716
XGBoost,103,3713.9890950520835,4443.083714596223,9.042099993067644
XGBoost,104,2590.796590169271,3630.271684099294,8.040797162543873
XGBoost,105,1786.3365071614583,2136.1522535394074,5.344995210146805
XGBoost,106,4689.7680257161455,5303.2830731410395,11.300659985911025
Raw Chronos (Zero-shot),0,2348.6610799153646,2911.562987631582,5.751462325549046
Raw Chronos (Zero-shot),1,2735.273270670573,3715.4704651233096,6.623079953109902
Raw Chronos (Zero-shot),2,3714.1345784505206,4744.513840165849,8.459660952829923
Raw Chronos (Zero-shot),3,3892.072100830078,6152.4152348930675,9.553745285343993
Raw Chronos (Zero-shot),4,2647.358721923828,3406.952993548618,7.493398592396071
Raw Chronos (Zero-shot),5,3657.9935709635415,4463.346459702115,12.331113134615203
Raw Chronos (Zero-shot),6,6356.223919677735,7866.845491926638,17.691739227550716
Raw Chronos (Zero-shot),7,4226.4928507486975,5772.309477853606,11.416058902597975
Raw Chronos (Zero-shot),8,4869.23608601888,6088.182920209408,12.553485307902074
Raw Chronos (Zero-shot),9,3883.6329366048176,5015.23402963902,12.158516090589174
Raw Chronos (Zero-shot),10,3906.8839721679688,5232.092993743483,13.260050931703965
Raw Chronos (Zero-shot),11,2407.8659606933593,3359.4421107530434,7.51402650234434
Raw Chronos (Zero-shot),12,2819.4275797526043,4041.1458158827268,8.168022261911934
Raw Chronos (Zero-shot),13,1801.3163513183595,2416.6539972180735,6.522409048400038
Raw Chronos (Zero-shot),14,4031.4174296061196,5113.476046534173,11.71995685282439
Raw Chronos (Zero-shot),15,5617.185634358724,6956.1756867935765,16.233850067271742
Raw Chronos (Zero-shot),16,6302.607948811849,7141.14878519964,17.31280676272816
Raw Chronos (Zero-shot),17,2499.7871907552085,3347.5963259881937,7.321284621329646
Raw Chronos (Zero-shot),18,3637.9147603352862,4833.4508760805975,10.123699583248776
Raw Chronos (Zero-shot),19,2464.4497131347657,3141.3787819543145,6.924000407682357
Raw Chronos (Zero-shot),20,3080.729705810547,4003.828204371233,10.683635918036476
Raw Chronos (Zero-shot),21,2862.4439676920574,3578.642298626213,8.842150812514719
Raw Chronos (Zero-shot),22,3817.0131591796876,5282.8786680749345,12.767357337909024
Raw Chronos (Zero-shot),23,2613.908925374349,3255.7419061441287,8.807090296165578
Raw Chronos (Zero-shot),24,2983.0044779459636,4086.6748033170493,9.855985535956318
Raw Chronos (Zero-shot),25,2509.3532572428385,3423.2958438759424,9.107199097242992
Raw Chronos (Zero-shot),26,2520.225331624349,3137.1528454125337,8.248930803813595
Raw Chronos (Zero-shot),27,1834.939678955078,2395.074972147149,6.683202558534548
Raw Chronos (Zero-shot),28,1917.4327657063802,2594.7510101822686,6.417028240419772
Raw Chronos (Zero-shot),29,1496.1030680338542,1913.933671561492,5.212100081278462
Raw Chronos (Zero-shot),30,1736.611678059896,2274.144319193948,5.768525868689397
Raw Chronos (Zero-shot),31,1657.5780598958333,2194.1070756777226,5.575865052612338
Raw Chronos (Zero-shot),32,2054.051318359375,2971.657352285692,6.30576267007034
Raw Chronos (Zero-shot),33,1616.3769673665365,2028.5754116883088,4.980754020141116
Raw Chronos (Zero-shot),34,1835.7211181640625,2442.2246850667784,6.393481691138479
Raw Chronos (Zero-shot),35,1853.9441853841147,2572.3462475286133,5.584630366314404
Raw Chronos (Zero-shot),36,1447.7478535970051,2060.415872212445,4.377493862583475
Raw Chronos (Zero-shot),37,1649.4045654296874,2118.4551202353177,5.253781461822095
Raw Chronos (Zero-shot),38,1598.5131368001303,2311.1729118310773,5.378751449578399
Raw Chronos (Zero-shot),39,2794.4678243001304,3523.194351977937,7.97784836766818
Raw Chronos (Zero-shot),40,2271.7355834960936,3008.3451790088075,7.236778593821065
Raw Chronos (Zero-shot),41,1206.3628967285156,1624.1440794774926,4.210476147481012
Raw Chronos (Zero-shot),42,1803.3148579915364,2550.9291362880253,5.744361793758304
Raw Chronos (Zero-shot),43,2338.649334716797,2766.9320674519217,8.226766806613085
Raw Chronos (Zero-shot),44,1946.2888621012369,2565.948132354602,7.549345260082703
Raw Chronos (Zero-shot),45,2723.834295654297,3562.965519626003,10.250768558534299
Raw Chronos (Zero-shot),46,2486.4226989746094,3146.2034770059067,8.410884790562912
Raw Chronos (Zero-shot),47,2302.009061686198,3804.6143360675483,7.797660642757487
Raw Chronos (Zero-shot),48,2801.634383138021,3448.3716088192205,10.156509012705994
Raw Chronos (Zero-shot),49,2333.756062825521,3122.136478127421,7.711638649501537
Raw Chronos (Zero-shot),50,2059.4108337402345,2748.942659292395,7.221356421588846
Raw Chronos (Zero-shot),51,1803.5830485026042,2309.4427695382724,6.961040984159321
Raw Chronos (Zero-shot),52,2233.8394083658854,2875.3316516515697,8.241567342232017
Raw Chronos (Zero-shot),53,1531.4463012695312,2015.450820879173,5.209002975773072
Raw Chronos (Zero-shot),54,2473.948164876302,3226.8503622418634,8.460485978100095
Raw Chronos (Zero-shot),55,3290.3327433268228,4033.8597060445936,13.434110671690616
Raw Chronos (Zero-shot),56,2109.6707661946616,2684.182376582949,7.937487714884055
Raw Chronos (Zero-shot),57,1140.9120666503907,1670.1228456771842,4.309805083156899
Raw Chronos (Zero-shot),58,2217.500771077474,3263.044828897711,8.908052806164761
Raw Chronos (Zero-shot),59,2493.3342753092447,3701.762246766132,9.512147935355504
Raw Chronos (Zero-shot),60,1798.7334248860677,2468.624998304517,6.274521475607724
Raw Chronos (Zero-shot),61,4578.8463663736975,6288.581795863595,13.40133240005036
Raw Chronos (Zero-shot),62,3575.181630452474,5195.09885718619,14.343967231314814
Raw Chronos (Zero-shot),63,1975.2396911621095,2980.4188581354783,7.149226355773281
Raw Chronos (Zero-shot),64,1499.5881449381511,2303.206127947842,5.187200904820177
Raw Chronos (Zero-shot),65,1141.7064636230468,1623.0247091314577,4.128995225736105
Raw Chronos (Zero-shot),66,2262.721309407552,3580.5620555084483,8.260798350859542
Raw Chronos (Zero-shot),67,2487.7055236816404,3536.566533599949,7.486547956642268
Raw Chronos (Zero-shot),68,1448.906553141276,2245.1452239187097,5.1384474505138105
Raw Chronos (Zero-shot),69,2271.6572814941405,3557.8921184302535,7.9806700622422815
Raw Chronos (Zero-shot),70,2382.89858601888,3477.170799017988,7.9536422341399415
Raw Chronos (Zero-shot),71,2040.8865885416667,2880.6731025106533,6.17702491001398
Raw Chronos (Zero-shot),72,4229.841990152995,5607.733324412888,11.973619046468004
Raw Chronos (Zero-shot),73,6292.682615152995,7684.76042538703,23.202372298719336
Raw Chronos (Zero-shot),74,3604.31264851888,4626.94052512086,10.37736981129421
Raw Chronos (Zero-shot),75,1854.6536804199218,2505.1984934506463,5.355200846361219
Raw Chronos (Zero-shot),76,3380.3170837402345,4665.1191700647405,11.962034659794568
Raw Chronos (Zero-shot),77,3904.130309041341,5104.511335743038,13.35699927068835
Raw Chronos (Zero-shot),78,1758.511873372396,2390.199127771371,6.0048581737033935
Raw Chronos (Zero-shot),79,2406.8502176920574,3307.4993443777585,7.492797674226731
Raw Chronos (Zero-shot),80,4831.4684916178385,13845.651585234098,17.163499784687133
Raw Chronos (Zero-shot),81,2187.2534688313804,3061.1838426616373,6.749174152255747
Raw Chronos (Zero-shot),82,4550.776780192057,5773.426298992651,14.368395092118755
Raw Chronos (Zero-shot),83,4506.840201822916,6522.93671171187,12.798280422196425
Raw Chronos (Zero-shot),84,6307.644649251302,7358.686984027366,14.910812563793781
Raw Chronos (Zero-shot),85,3035.5969421386717,3878.36095132924,8.439236262021467
Raw Chronos (Zero-shot),86,3917.03403523763,5478.29482872662,13.060305715829573
Raw Chronos (Zero-shot),87,2742.2707946777346,3917.0908508864227,7.849083019940715
Raw Chronos (Zero-shot),88,1634.5512247721354,2154.0177649022003,5.100544833347311
Raw Chronos (Zero-shot),89,5246.790553792318,6504.075868656267,12.945772578300268
Raw Chronos (Zero-shot),90,3629.9321899414062,4882.1123791910195,8.819406500843945
Raw Chronos (Zero-shot),91,4434.869584147135,5472.216235343601,9.455798906893172
Raw Chronos (Zero-shot),92,3348.4847208658853,4209.102898541794,7.968771940529922
Raw Chronos (Zero-shot),93,9970.104225667317,11854.538343916862,31.066781777461095
Raw Chronos (Zero-shot),94,3971.560248819987,5169.742119721878,12.172187633093369
Raw Chronos (Zero-shot),95,2536.146940104167,3633.9896646167626,6.48997469555659
Raw Chronos (Zero-shot),96,2895.4581013997395,3668.577038685753,7.900739803569104
Raw Chronos (Zero-shot),97,3910.1165669759116,4982.173438683324,11.057841643437099
Raw Chronos (Zero-shot),98,3504.255430094401,4874.328219836248,8.211546532986432
Raw Chronos (Zero-shot),99,4831.9168151855465,5618.861261192139,13.81840753834386
Raw Chronos (Zero-shot),100,4028.7160522460936,5899.908861155439,12.766857082065988
Raw Chronos (Zero-shot),101,5198.273228963216,6285.690010412069,15.106009302815144
Raw Chronos (Zero-shot),102,2034.3485290527344,2641.049169769373,5.278617974652525
Raw Chronos (Zero-shot),103,3530.890098063151,4634.308475127799,8.70090504105172
Raw Chronos (Zero-shot),104,2377.757637532552,3232.7786482823944,6.877705956146005
Raw Chronos (Zero-shot),105,3510.3721537272136,4220.38846973607,10.258272581817815
Raw Chronos (Zero-shot),106,2833.0255879720053,3616.0212784892265,6.981094791363768
STL + Chronos (Zero-shot),0,2584.5378087141667,3227.6492462243314,6.43918975044974
STL + Chronos (Zero-shot),1,5881.018415578141,6538.034149307327,14.709825843850819
STL + Chronos (Zero-shot),2,1600.539031894551,2016.3042253557858,3.744121024565033
STL + Chronos (Zero-shot),3,4538.942941515236,5284.251464905082,11.224596295701735
STL + Chronos (Zero-shot),4,9560.494057307784,9655.4346262843,27.23680925568136
STL + Chronos (Zero-shot),5,12282.99529614778,12811.380184551708,41.00395686716677
STL + Chronos (Zero-shot),6,5124.702314691666,6800.018324871539,17.79070185137752
STL + Chronos (Zero-shot),7,7761.989826060972,7859.525813118229,20.77122538112625
STL + Chronos (Zero-shot),8,10442.790355186724,10927.247250401864,27.24797873093762
STL + Chronos (Zero-shot),9,6316.878201699527,7102.596223141849,18.844720079658384
STL + Chronos (Zero-shot),10,10613.475910427705,10709.209013408044,36.30766977623605
STL + Chronos (Zero-shot),11,4879.0752914319455,4995.145990485097,16.04797335517429
STL + Chronos (Zero-shot),12,1845.2177486184185,2000.517210828809,5.468077206201238
STL + Chronos (Zero-shot),13,3294.4936245897347,3558.0205424635437,11.236561102372649
STL + Chronos (Zero-shot),14,5997.909432126557,6442.634761734908,17.70362785618748
STL + Chronos (Zero-shot),15,3487.2443549346644,4532.446131272445,9.672133541415832
STL + Chronos (Zero-shot),16,4282.129026805278,4419.2936497290675,12.321853763505924
STL + Chronos (Zero-shot),17,1932.3428300989756,2337.3289165746214,5.895836884174058
STL + Chronos (Zero-shot),18,3809.7912347109805,4515.964668584791,10.801565207520621
STL + Chronos (Zero-shot),19,2575.725472755911,3298.687707540352,7.38470123448332
STL + Chronos (Zero-shot),20,6821.657303379296,6994.55056671253,23.598969909953507
STL + Chronos (Zero-shot),21,2292.6137976245677,2595.0492292282083,7.746805940711597
STL + Chronos (Zero-shot),22,2806.720691819534,3318.2539394471833,9.3370009900402
STL + Chronos (Zero-shot),23,3444.133942986271,4094.5728884078894,12.081941530078659
STL + Chronos (Zero-shot),24,5363.471610530061,5735.281200311503,18.042151981881762
STL + Chronos (Zero-shot),25,2834.3195981909694,3463.045081827973,10.445520804599855
STL + Chronos (Zero-shot),26,3383.598640353452,3874.271265423635,11.084845562757234
STL + Chronos (Zero-shot),27,2034.0960768985556,2357.316698563003,7.592769146735176
STL + Chronos (Zero-shot),28,1924.174497202224,2325.764413139721,6.6404328240224215
STL + Chronos (Zero-shot),29,1829.7404017787892,2330.1054452911817,6.552353226840639
STL + Chronos (Zero-shot),30,1301.295872463429,1596.968940943626,4.536368816385412
STL + Chronos (Zero-shot),31,1893.1020243417142,2219.707281837477,6.482507704084588
STL + Chronos (Zero-shot),32,1756.9265701510376,2332.345800702264,5.329843953151521
STL + Chronos (Zero-shot),33,1865.7663913080492,2089.7726481002837,5.927314882090357
STL + Chronos (Zero-shot),34,1183.4605588228294,1719.1190113965865,4.1089051809857216
STL + Chronos (Zero-shot),35,1232.5376722170079,1501.4622115390346,3.9733486273179595
STL + Chronos (Zero-shot),36,1467.9696623343746,1888.4984317792191,4.400397327486516
STL + Chronos (Zero-shot),37,1269.3967968753573,1513.4851423820949,4.126565442664363
STL + Chronos (Zero-shot),38,1898.188739521768,2404.5374292547913,6.409522261684504
STL + Chronos (Zero-shot),39,1698.9998136670147,2103.3146796040583,4.953532100051673
STL + Chronos (Zero-shot),40,843.2741421003735,1076.214067570617,2.6827405185074307
STL + Chronos (Zero-shot),41,1378.0682189935933,1586.0211927816608,4.879349879309316
STL + Chronos (Zero-shot),42,1775.6254977236388,2107.597355152368,5.690409911330604
STL + Chronos (Zero-shot),43,3293.2545995805026,3448.809342145103,11.442325287808714
STL + Chronos (Zero-shot),44,2090.7294162945823,2666.816964019279,8.323501934153873
STL + Chronos (Zero-shot),45,2062.8073510038553,2437.944856861675,7.4415484299913
STL + Chronos (Zero-shot),46,2326.474665272894,2627.212807643771,7.734763725430932
STL + Chronos (Zero-shot),47,4956.04972870496,5220.514532710629,16.726425949133912
STL + Chronos (Zero-shot),48,2909.154203737366,3310.4705325136642,10.449027619651126
STL + Chronos (Zero-shot),49,1774.862292364375,2239.3089686432018,6.016025170303453
STL + Chronos (Zero-shot),50,2667.915674603159,2964.616471160167,9.439536777754538
STL + Chronos (Zero-shot),51,3230.0535714285497,3742.090868398827,13.076535601323144
STL + Chronos (Zero-shot),52,2179.131944444442,2704.8817381548524,8.99245378500193
STL + Chronos (Zero-shot),53,1581.600788664488,1991.690705044618,5.2143141950811
STL + Chronos (Zero-shot),54,3239.922619047625,3839.6929428177923,11.063215090629157
STL + Chronos (Zero-shot),55,2677.700727099026,2994.4945842002076,10.877516814164574
STL + Chronos (Zero-shot),56,3146.8003918983936,3230.688799457904,11.943983623337612
STL + Chronos (Zero-shot),57,2300.363979797728,2616.8887857525033,8.931599674591766
STL + Chronos (Zero-shot),58,1749.9016092945706,2057.3460919885415,7.295212050127829
STL + Chronos (Zero-shot),59,2553.8501984127342,2785.3395359451374,9.876962229018243
STL + Chronos (Zero-shot),60,2126.6822495598435,2828.5425544940217,7.25604077799543
STL + Chronos (Zero-shot),61,7210.331130561838,8202.371422438748,20.835976426428353
STL + Chronos (Zero-shot),62,1428.8709480457119,1665.3574514808522,5.822964443371131
STL + Chronos (Zero-shot),63,2534.377568516465,3032.0952991635704,10.301858968750938
STL + Chronos (Zero-shot),64,5198.583333333351,5917.041770386637,18.331674094433847
STL + Chronos (Zero-shot),65,3670.6744868977894,4350.644040055634,13.577059491024526
STL + Chronos (Zero-shot),66,2016.670288001081,2104.56811789413,7.881120706820228
STL + Chronos (Zero-shot),67,4505.089025370479,5333.532998000921,14.274991363958936
STL + Chronos (Zero-shot),68,1161.0865134997146,1482.1694894394532,4.176680108999458
STL + Chronos (Zero-shot),69,2257.3581788256347,2969.810758353818,8.06020344487337
STL + Chronos (Zero-shot),70,2731.1101190476115,4061.0911556855403,8.968802846278857
STL + Chronos (Zero-shot),71,2042.9246010675317,2677.268114414856,6.352818661199716
STL + Chronos (Zero-shot),72,6221.265376984125,7676.461732355361,17.30907419014106
STL + Chronos (Zero-shot),73,5015.966485197298,5791.480741397362,18.900842920673604
STL + Chronos (Zero-shot),74,2689.4309212795965,3675.9929914229633,7.868793034528261
STL + Chronos (Zero-shot),75,1307.5790093067455,1728.4970686994684,4.1335276484789345
STL + Chronos (Zero-shot),76,3571.538928242263,4110.383667611101,12.604488919960566
STL + Chronos (Zero-shot),77,3482.0725687070953,4605.673677750645,11.849877823362037
STL + Chronos (Zero-shot),78,3907.6564086434887,4121.029576135784,13.934636801969063
STL + Chronos (Zero-shot),79,1516.05847183316,1738.5232703315119,4.794244531261807
STL + Chronos (Zero-shot),80,3708.0856615886614,3935.6716825327085,13.749497280593664
STL + Chronos (Zero-shot),81,3956.7480321497555,4752.513543197785,12.6976385504282
STL + Chronos (Zero-shot),82,3180.7364302863557,3774.1347242746533,9.934204158311042
STL + Chronos (Zero-shot),83,3869.4522697178254,5387.700274368447,11.458881430946946
STL + Chronos (Zero-shot),84,10928.114870659836,11906.275351713142,25.876097015330306
STL + Chronos (Zero-shot),85,2314.5715198375606,2561.877386221249,6.82836605484268
STL + Chronos (Zero-shot),86,5960.590358371469,6580.39358688877,20.1269994175905
STL + Chronos (Zero-shot),87,9040.004172514205,10080.477710252384,27.1138086257474
STL + Chronos (Zero-shot),88,6894.500532443238,7438.508726889047,22.147901653444595
STL + Chronos (Zero-shot),89,7562.267697357131,9157.984928087368,18.540231389928845
STL + Chronos (Zero-shot),90,11155.576750062022,11878.300137102691,27.60091219878512
STL + Chronos (Zero-shot),91,9104.811207588506,9896.581994385702,19.61231091511687
STL + Chronos (Zero-shot),92,2517.60852321549,2989.9145800880215,6.378331194261616
STL + Chronos (Zero-shot),93,14096.905686507018,15667.071290430998,43.816705562531205
STL + Chronos (Zero-shot),94,16787.68379636109,17039.435670136012,54.81754255114356
STL + Chronos (Zero-shot),95,3677.487242555227,4732.396999050932,10.268769708056787
STL + Chronos (Zero-shot),96,2780.811503762929,3367.6302583870315,7.448248090447819
STL + Chronos (Zero-shot),97,12332.683855360281,12702.040251237728,35.80762466220259
STL + Chronos (Zero-shot),98,7329.411262482688,7685.136406892096,18.008475277447136
STL + Chronos (Zero-shot),99,5895.33584657638,6422.06086487627,16.86196542653437
STL + Chronos (Zero-shot),100,5394.23444777189,6880.616560023034,17.05256814778898
STL + Chronos (Zero-shot),101,3704.3703911631205,4564.725067723436,10.471780517328448
STL + Chronos (Zero-shot),102,2548.750479418659,2993.8945336210377,6.945303901353145
STL + Chronos (Zero-shot),103,5988.895299617767,6138.453339087156,15.837011017680775
STL + Chronos (Zero-shot),104,3600.666503055746,5039.597684910594,9.946630914540764
STL + Chronos (Zero-shot),105,6505.708100458604,6949.24107290226,19.621302170520085
STL + Chronos (Zero-shot),106,2578.747830121344,3030.4607454675047,6.426432947683174
STL + DoW + Chronos (Zero-shot),0,2477.0298056440383,3161.5374147530856,6.1599487170873735
STL + DoW + Chronos (Zero-shot),1,6783.631385972487,7558.36364744478,16.920668435322884
STL + DoW + Chronos (Zero-shot),2,1841.1650774600043,2243.91068241516,4.2977263608030425
STL + DoW + Chronos (Zero-shot),3,5084.078757626678,6097.450687895996,12.561440256090217
STL + DoW + Chronos (Zero-shot),4,10138.899196650771,10309.945246560817,28.880298069231188
STL + DoW + Chronos (Zero-shot),5,12395.871049459241,12914.817888023212,41.36850937036441
STL + DoW + Chronos (Zero-shot),6,5202.446095263718,6847.535190315809,18.0553910814748
STL + DoW + Chronos (Zero-shot),7,6718.672704470272,7039.170048662897,17.960206104890553
STL + DoW + Chronos (Zero-shot),8,10210.520493773236,10692.333581492709,26.628900577371933
STL + DoW + Chronos (Zero-shot),9,6673.831417893036,7776.633511771286,20.10272304969899
STL + DoW + Chronos (Zero-shot),10,11114.94748390304,11238.842678607678,38.00315316131056
STL + DoW + Chronos (Zero-shot),11,5334.799214126711,5494.717496111785,17.52448735029368
STL + DoW + Chronos (Zero-shot),12,3636.828181574358,5689.917424862787,10.71228186668141
STL + DoW + Chronos (Zero-shot),13,3041.427668641885,3340.6393055473454,10.373374950459745
STL + DoW + Chronos (Zero-shot),14,5788.872625027269,6211.962281985421,17.03612210055692
STL + DoW + Chronos (Zero-shot),15,3259.674095689188,4318.104909753912,9.019517853008658
STL + DoW + Chronos (Zero-shot),16,4048.7579361399703,4208.1438359176145,11.715645421641515
STL + DoW + Chronos (Zero-shot),17,1852.311616222583,2283.249137180733,5.621445916960044
STL + DoW + Chronos (Zero-shot),18,4059.267775762211,4862.034987454953,11.476232306354943
STL + DoW + Chronos (Zero-shot),19,2745.90320737455,3565.2359603026343,7.881771899883312
STL + DoW + Chronos (Zero-shot),20,7063.292152135259,7225.549511022517,24.425384656803338
STL + DoW + Chronos (Zero-shot),21,2612.7389394872685,2879.014428617993,8.752237224872438
STL + DoW + Chronos (Zero-shot),22,3536.98182052022,4277.961539819199,11.77469023481953
STL + DoW + Chronos (Zero-shot),23,3385.9556311357915,4050.0737412748986,11.900469118598892
STL + DoW + Chronos (Zero-shot),24,4985.689183792185,5407.929253943683,16.784719386574874
STL + DoW + Chronos (Zero-shot),25,3018.0000486207678,3575.2100569892473,11.069342525804187
STL + DoW + Chronos (Zero-shot),26,3099.3044057181523,3520.0188488695944,10.210718681888263
STL + DoW + Chronos (Zero-shot),27,2294.566752932798,2764.2261028758658,8.56358640382379
STL + DoW + Chronos (Zero-shot),28,1783.93600567299,2187.4795800523643,6.179114139287476
STL + DoW + Chronos (Zero-shot),29,1752.8924225200205,2196.4108125224716,6.264554916577529
STL + DoW + Chronos (Zero-shot),30,1392.0374330397744,1905.4347535042314,4.871318706029042
STL + DoW + Chronos (Zero-shot),31,1782.1835856862278,2142.2831375296637,6.122384302911687
STL + DoW + Chronos (Zero-shot),32,1452.309781211981,2111.480744672414,4.366092960090146
STL + DoW + Chronos (Zero-shot),33,1883.555388747295,2230.0062879699017,5.952840994335021
STL + DoW + Chronos (Zero-shot),34,1429.2315502400259,1997.5128774603702,4.957932461751104
STL + DoW + Chronos (Zero-shot),35,1354.4918384701064,1682.0281554846988,4.362223306250774
STL + DoW + Chronos (Zero-shot),36,1783.6775669148753,2360.4793264127193,5.398775318675974
STL + DoW + Chronos (Zero-shot),37,2104.1572915407737,2770.689448843608,6.8315252224863
STL + DoW + Chronos (Zero-shot),38,2069.7787406378006,2573.0993298470216,7.001120118635986
STL + DoW + Chronos (Zero-shot),39,1653.774081322538,1997.41130454164,4.875255251150934
STL + DoW + Chronos (Zero-shot),40,965.532779661918,1169.8842811984625,3.085126020957848
STL + DoW + Chronos (Zero-shot),41,1471.3986974736772,1641.3625272836664,5.233876977708163
STL + DoW + Chronos (Zero-shot),42,1735.3447083366705,2168.461938621052,5.539774407371753
STL + DoW + Chronos (Zero-shot),43,3828.013999877381,4096.335190349852,13.309122469329917
STL + DoW + Chronos (Zero-shot),44,2242.3351428985907,2771.8136763441717,8.91737464745258
STL + DoW + Chronos (Zero-shot),45,2215.039731963922,2614.6254260627024,8.189173054112775
STL + DoW + Chronos (Zero-shot),46,2035.7936777302662,2354.6442309490067,6.747525637498447
STL + DoW + Chronos (Zero-shot),47,4667.085066487131,4951.298109890037,15.755988249359618
STL + DoW + Chronos (Zero-shot),48,2826.2377689404743,3198.1904935334524,10.213347743112754
STL + DoW + Chronos (Zero-shot),49,2227.96657704067,2767.9034649845617,7.529422992775761
STL + DoW + Chronos (Zero-shot),50,2971.507178149687,3364.92303478976,10.519974140588866
STL + DoW + Chronos (Zero-shot),51,3730.697341143786,4191.503047518193,15.040365298284291
STL + DoW + Chronos (Zero-shot),52,2308.858689347175,2843.9333789698985,9.497165892705533
STL + DoW + Chronos (Zero-shot),53,1280.9511573825982,1735.4359575228075,4.183791739914295
STL + DoW + Chronos (Zero-shot),54,2974.6505483143205,3617.337244400229,10.140414362221026
STL + DoW + Chronos (Zero-shot),55,2838.777638710072,3243.532362921962,11.529719126553118
STL + DoW + Chronos (Zero-shot),56,3472.5211005536676,3558.4744564165658,13.187880293787776
STL + DoW + Chronos (Zero-shot),57,2678.5353136536914,3094.775030166831,10.427842784931638
STL + DoW + Chronos (Zero-shot),58,2009.2743832298156,2539.8225023544865,8.378196847520455
STL + DoW + Chronos (Zero-shot),59,2305.4783989512594,2529.5106494080305,8.918603486163896
STL + DoW + Chronos (Zero-shot),60,1969.2178321498193,2770.8804355633365,6.642843240720464
STL + DoW + Chronos (Zero-shot),61,6990.811500175938,8013.817401754848,20.132692625053686
STL + DoW + Chronos (Zero-shot),62,1608.1480111856852,1877.5992439697707,6.596057152676181
STL + DoW + Chronos (Zero-shot),63,2837.9230309638083,3296.048749307666,11.450933385421788
STL + DoW + Chronos (Zero-shot),64,5440.266045360456,6191.800419502146,19.195172887002173
STL + DoW + Chronos (Zero-shot),65,3925.538624846366,4618.214031610238,14.606398555090284
STL + DoW + Chronos (Zero-shot),66,1662.9785850847027,1786.9019859941552,6.51323065736809
STL + DoW + Chronos (Zero-shot),67,4283.765420388946,5155.206048474456,13.517786469953458
STL + DoW + Chronos (Zero-shot),68,1157.2609742012478,1743.0505259194106,4.098896583424608
STL + DoW + Chronos (Zero-shot),69,2435.3503762583805,3028.590568362035,8.886334309104456
STL + DoW + Chronos (Zero-shot),70,2935.492377852328,4349.742579444103,9.735684144294275
STL + DoW + Chronos (Zero-shot),71,1989.5369734876483,2575.7302771837967,6.26152067428198
STL + DoW + Chronos (Zero-shot),72,5913.97332332986,7326.567713767421,16.438729356626276
STL + DoW + Chronos (Zero-shot),73,5190.300138004192,6040.765201896208,19.562628994008303
STL + DoW + Chronos (Zero-shot),74,2683.0195259989955,3641.139170445472,7.934003149132961
STL + DoW + Chronos (Zero-shot),75,1471.6308698596438,1905.4844400283193,4.6705998612824295
STL + DoW + Chronos (Zero-shot),76,3981.0594217707153,4568.595393313846,14.059927634678903
STL + DoW + Chronos (Zero-shot),77,3632.412535209664,4842.0683383713795,12.412934857320996
STL + DoW + Chronos (Zero-shot),78,4611.236333382564,4878.551974803325,16.473207443344894
STL + DoW + Chronos (Zero-shot),79,2350.680191387236,3166.0177406849416,7.538085248136276
STL + DoW + Chronos (Zero-shot),80,3378.7492657626126,3622.0672082413143,12.529736516595086
STL + DoW + Chronos (Zero-shot),81,3733.019742268361,4633.007495903838,11.886899915255187
STL + DoW + Chronos (Zero-shot),82,3031.5324059352124,3577.56861082837,9.43312775025543
STL + DoW + Chronos (Zero-shot),83,3898.363304396869,5332.197402346117,11.657293067305936
STL + DoW + Chronos (Zero-shot),84,10653.200013538348,11663.034472468355,25.176679789161412
STL + DoW + Chronos (Zero-shot),85,2809.03198130171,3355.7847317587325,8.25286014197582
STL + DoW + Chronos (Zero-shot),86,6265.4646283126785,6892.273374002644,21.181895441665883
STL + DoW + Chronos (Zero-shot),87,9688.107126206318,10820.036642707602,29.10565516265739
STL + DoW + Chronos (Zero-shot),88,7013.1238080558305,7586.321104902836,22.538239148638308
STL + DoW + Chronos (Zero-shot),89,7249.934295693721,8879.25921673121,17.705643072303925
STL + DoW + Chronos (Zero-shot),90,10906.99993167905,11646.715882957127,26.935314712128385
STL + DoW + Chronos (Zero-shot),91,9059.252108801615,9809.661535754896,19.37957026082803
STL + DoW + Chronos (Zero-shot),92,3032.5912088773534,3817.5739299686134,7.777272489051258
STL + DoW + Chronos (Zero-shot),93,14906.033703357425,16592.70243339845,46.30647821113976
STL + DoW + Chronos (Zero-shot),94,16987.229276749822,17236.915062278356,55.48996613025705
STL + DoW + Chronos (Zero-shot),95,3528.9765775762226,4650.88951727991,10.082401607563906
STL + DoW + Chronos (Zero-shot),96,2757.4529919450574,3271.3763798697664,7.370087282196707
STL + DoW + Chronos (Zero-shot),97,12094.105908616822,12463.834624366997,35.079102899100334
STL + DoW + Chronos (Zero-shot),98,7072.324085224983,7431.212187018306,17.357080497884684
STL + DoW + Chronos (Zero-shot),99,5973.6586299707105,6379.227487065427,17.080388259299717
STL + DoW + Chronos (Zero-shot),100,5607.101809665157,7098.750322272338,17.751459657333303
STL + DoW + Chronos (Zero-shot),101,3956.411353417647,4832.885751995115,11.228185447302245
STL + DoW + Chronos (Zero-shot),102,2481.205801394447,2920.4397835092586,6.7585537574321135
STL + DoW + Chronos (Zero-shot),103,5458.852417823826,5684.368306036833,14.456415274892457
STL + DoW + Chronos (Zero-shot),104,3479.14455749307,4977.693960285132,9.561472117845055
STL + DoW + Chronos (Zero-shot),105,6186.127356907432,6361.36278964163,18.76872153464161
STL + DoW + Chronos (Zero-shot),106,2673.2755970414264,3254.972145822449,6.739782887957352
STL + DoW + Chronos + LoRA,0,2357.1097939309334,2988.28321617751,5.8786285819789
STL + DoW + Chronos + LoRA,1,6365.549910734975,7030.601271176182,15.906714102197963
STL + DoW + Chronos + LoRA,2,1913.7792819403176,2336.6747309208467,4.4605010712722315
STL + DoW + Chronos + LoRA,3,5011.458692033906,6048.327740014255,12.385393095849878
STL + DoW + Chronos + LoRA,4,9981.945636701772,10084.409956097472,28.4353853175466
STL + DoW + Chronos + LoRA,5,12487.937801684402,13003.301360575288,41.67496079693341
STL + DoW + Chronos + LoRA,6,5255.787944192286,6885.264416858515,18.215115323491858
STL + DoW + Chronos + LoRA,7,7269.532928547776,7455.531799635129,19.440810742697188
STL + DoW + Chronos + LoRA,8,9859.069954204595,10362.198285107579,25.721013258732008
STL + DoW + Chronos + LoRA,9,6497.884841808015,7476.900204209773,19.492393414477593
STL + DoW + Chronos + LoRA,10,11231.303944211077,11380.007852619705,38.40064491340283
STL + DoW + Chronos + LoRA,11,5181.084939721271,5297.035249294501,17.04603614177013
STL + DoW + Chronos + LoRA,12,1846.8132927421336,2054.5024138651893,5.485723593764778
STL + DoW + Chronos + LoRA,13,3018.3634051671766,3305.5521105679554,10.273387109375625
STL + DoW + Chronos + LoRA,14,5540.173526803821,6008.5760157120585,16.32553058985777
STL + DoW + Chronos + LoRA,15,3337.092278448335,4418.169813540068,9.256397361417969
STL + DoW + Chronos + LoRA,16,4079.578870780874,4257.674565923056,11.796341351570327
STL + DoW + Chronos + LoRA,17,2036.6522157880177,2551.984531884317,6.176819423989968
STL + DoW + Chronos + LoRA,18,4089.4888504622,4859.929065105039,11.565064236781984
STL + DoW + Chronos + LoRA,19,2708.0862821328765,3482.1785106244665,7.779372470563311
STL + DoW + Chronos + LoRA,20,7387.156539877938,7749.1747903153955,25.55640642534006
STL + DoW + Chronos + LoRA,21,2618.16542184208,2938.7598921634353,8.75393745540894
STL + DoW + Chronos + LoRA,22,3353.4462642070016,4017.86714269265,11.174309061656333
STL + DoW + Chronos + LoRA,23,3353.241063489618,4011.2804491979796,11.807426843702636
STL + DoW + Chronos + LoRA,24,5140.295853560499,5554.834154728893,17.300052520626597
STL + DoW + Chronos + LoRA,25,2718.449080982225,3188.1192223507305,10.000181633408856
STL + DoW + Chronos + LoRA,26,3328.133713602804,3728.1915411515365,10.941704438694629
STL + DoW + Chronos + LoRA,27,2125.1168319599165,2439.021892010013,7.942025545393422
STL + DoW + Chronos + LoRA,28,1694.1004264302833,2057.6374928478767,5.874990786317416
STL + DoW + Chronos + LoRA,29,1905.791032827566,2402.251982152789,6.773523365813376
STL + DoW + Chronos + LoRA,30,1236.5266283367712,1560.0704147897566,4.348408000752557
STL + DoW + Chronos + LoRA,31,1718.1878893223895,2059.394758272965,5.913840530029883
STL + DoW + Chronos + LoRA,32,1448.5976568056708,2107.149841485602,4.353440014589147
STL + DoW + Chronos + LoRA,33,1732.4438272125776,1987.409463083054,5.495477347171532
STL + DoW + Chronos + LoRA,34,1312.4916219572342,1818.8172189713587,4.5538324352171955
STL + DoW + Chronos + LoRA,35,1372.6033189908171,1711.7783191052406,4.420541193177788
STL + DoW + Chronos + LoRA,36,1692.2281795522852,2162.2930411918505,5.115618906549817
STL + DoW + Chronos + LoRA,37,1414.3263357360545,1662.9466415188035,4.599720904364593
STL + DoW + Chronos + LoRA,38,2062.5557366587595,2587.187611898096,6.971066221763479
STL + DoW + Chronos + LoRA,39,1721.7465161058944,2096.1720498620725,5.071421397377221
STL + DoW + Chronos + LoRA,40,983.2976370277831,1172.8051747432364,3.1457280961218332
STL + DoW + Chronos + LoRA,41,1438.2148830963322,1610.247827044918,5.121531626082254
STL + DoW + Chronos + LoRA,42,1722.7244222059633,2211.313964181657,5.486029041323967
STL + DoW + Chronos + LoRA,43,3571.5649991631585,3721.2361267102688,12.413498108779018
STL + DoW + Chronos + LoRA,44,2270.8526691677575,2803.2619366214126,9.033434664190008
STL + DoW + Chronos + LoRA,45,2165.6986262594237,2514.40947267546,7.896840779434737
STL + DoW + Chronos + LoRA,46,2243.85909802864,2612.2622909303836,7.44575618783136
STL + DoW + Chronos + LoRA,47,4800.621947407386,5064.114653913342,16.205883514713122
STL + DoW + Chronos + LoRA,48,2729.190453648974,3088.4838415820773,9.819886339657623
STL + DoW + Chronos + LoRA,49,2198.9753957780827,2727.420216896688,7.441595658089388
STL + DoW + Chronos + LoRA,50,2877.442024199538,3299.0547363859014,10.186935391852856
STL + DoW + Chronos + LoRA,51,3812.9302488463104,4289.726823660081,15.37140962553111
STL + DoW + Chronos + LoRA,52,2337.470558965924,2871.319816178973,9.605488420874458
STL + DoW + Chronos + LoRA,53,1304.791578492872,1762.2895786007464,4.265592403101928
STL + DoW + Chronos + LoRA,54,3004.3119026564364,3653.221074384653,10.238456141765045
STL + DoW + Chronos + LoRA,55,2780.711508547871,3141.7013946726192,11.2890982204605
STL + DoW + Chronos + LoRA,56,3512.5703848275502,3600.575236326939,13.340667325324773
STL + DoW + Chronos + LoRA,57,2594.384018011941,2972.069353135588,10.095443439222757
STL + DoW + Chronos + LoRA,58,1812.2215914557905,2176.7236430951452,7.587358589724805
STL + DoW + Chronos + LoRA,59,2304.733488628517,2524.3898566262983,8.91314220103744
STL + DoW + Chronos + LoRA,60,1870.6122776269406,2642.5943839175907,6.305364703910763
STL + DoW + Chronos + LoRA,61,6836.897843620137,7897.491696675881,19.667558570537107
STL + DoW + Chronos + LoRA,62,1792.696789563817,2228.173678275369,7.353684089064423
STL + DoW + Chronos + LoRA,63,2877.375347680455,3325.418582300239,11.595130838663795
STL + DoW + Chronos + LoRA,64,5295.6452860719855,6030.726151384195,18.68314277086835
STL + DoW + Chronos + LoRA,65,4078.734243568774,4894.266947826596,15.187857607817381
STL + DoW + Chronos + LoRA,66,1775.3835236598106,1882.0811899745047,6.922155738517293
STL + DoW + Chronos + LoRA,67,4390.483437387477,5243.141167946879,13.902189250659974
STL + DoW + Chronos + LoRA,68,1086.3873343951464,1498.2870296683977,3.848067623301721
STL + DoW + Chronos + LoRA,69,2358.139797033604,2950.0306969372073,8.560009891184581
STL + DoW + Chronos + LoRA,70,2904.5390442347416,4319.399650605952,9.619018719300303
STL + DoW + Chronos + LoRA,71,1960.7878304267726,2541.648079788779,6.179835423898906
STL + DoW + Chronos + LoRA,72,5893.370599484432,7302.39832116957,16.386650264124395
STL + DoW + Chronos + LoRA,73,5146.766151063868,5984.744204725365,19.407022888191516
STL + DoW + Chronos + LoRA,74,2731.6812387101645,3641.483895169341,8.08306474622184
STL + DoW + Chronos + LoRA,75,1476.8915659560541,1929.4124823199018,4.688170305117153
STL + DoW + Chronos + LoRA,76,3832.059599328931,4352.353967129382,13.518571227951478
STL + DoW + Chronos + LoRA,77,4072.318366383926,5545.30829524219,13.987554191891832
STL + DoW + Chronos + LoRA,78,4619.5199708029,4865.997960593358,16.505774287923007
STL + DoW + Chronos + LoRA,79,1819.1868160923327,2039.0322194539895,5.802105204088326
STL + DoW + Chronos + LoRA,80,3464.377373250503,3760.2014779711785,12.850706016416458
STL + DoW + Chronos + LoRA,81,3590.559113530349,4446.531358868092,11.455247541173016
STL + DoW + Chronos + LoRA,82,3082.1981983604155,3618.499532814522,9.579668045937119
STL + DoW + Chronos + LoRA,83,3975.990986625986,5344.932574343095,12.024972044729742
STL + DoW + Chronos + LoRA,84,10561.19030814586,11587.55821383887,24.93756473309648
STL + DoW + Chronos + LoRA,85,2778.1631933631916,3243.006998893703,8.164585927806773
STL + DoW + Chronos + LoRA,86,6410.505454760981,7088.962310212212,21.70531774375486
STL + DoW + Chronos + LoRA,87,9584.097524223387,10630.150927782128,28.807620916787734
STL + DoW + Chronos + LoRA,88,7305.509060418562,7864.729177604055,23.452209297451226
STL + DoW + Chronos + LoRA,89,6803.024509674407,8496.88201873818,16.603211897601376
STL + DoW + Chronos + LoRA,90,10701.02080697681,11476.798789341452,26.411144571164186
STL + DoW + Chronos + LoRA,91,9092.345310226743,9821.523697637773,19.418251474319362
STL + DoW + Chronos + LoRA,92,3174.0412272148797,4023.1814719826084,8.109026748657184
STL + DoW + Chronos + LoRA,93,15673.853963789743,17304.647303550308,48.71848595047233
STL + DoW + Chronos + LoRA,94,17015.298092787798,17262.046663585308,55.592088927141766
STL + DoW + Chronos + LoRA,95,3536.41261809289,4668.390267356245,10.114635189925837
STL + DoW + Chronos + LoRA,96,2710.6101802217677,3189.312491524373,7.241256094080015
STL + DoW + Chronos + LoRA,97,11949.458359625318,12400.330896048485,34.64516277830484
STL + DoW + Chronos + LoRA,98,7149.747573980244,7477.744911655362,17.551834260289716
STL + DoW + Chronos + LoRA,99,6735.74379074371,7538.537925403012,19.267600847648932
STL + DoW + Chronos + LoRA,100,5973.118752041056,7546.072135723242,18.919274739612966
STL + DoW + Chronos + LoRA,101,3875.5529057633617,4729.157152955757,10.97660429716711
STL + DoW + Chronos + LoRA,102,2474.6680928455776,2898.257418926843,6.749406609418074
STL + DoW + Chronos + LoRA,103,5732.687922119167,5908.937356909962,15.14317292628987
STL + DoW + Chronos + LoRA,104,3358.5175435802576,4876.940011011615,9.187706492464594
STL + DoW + Chronos + LoRA,105,6568.4421187825055,6862.619196052213,19.929893074845577
STL + DoW + Chronos + LoRA,106,2531.2450899187884,2978.443763558295,6.343051057671259
